Player,TeamAbbrev,Position,Salary,Opponent,IsHome,PredFPTS,BaseValue,StackBonus,Scarcity,OwnershipLeverage,StackRate,QBStackRate,BringBackRate,RBDSTRate,LowVarBonus,MaddenEdge
Josh Allen,BUF,QB,6700,CHI,1.0,22.15110975379019,3.3061357841477896,2.4930973451327434,1.004287879647567,1.0,0.9734513274336283,0.9557522123893806,0.6106194690265486,0.30973451327433627,0.0,16.55572254553637
C.J. Stroud,HOU,QB,5300,TB,1.0,19.530900863073317,3.685075634542135,1.84578125,1.004287879647567,1.0,0.96875,0.90625,0.0625,0.15625,0.0,13.662017994853553
Tank Dell,HOU,WR,3200,TB,1.0,10.276745063780597,3.2114828324314364,1.843846153846154,1.004287879647567,1.0,0.5384615384615384,0.7692307692307693,0.15384615384615385,0.3076923076923077,0.0,11.893741726898755
Dalton Kincaid,BUF,TE,4700,CHI,1.0,10.26421671476812,2.1838758967591745,2.38763358778626,0.9478395022376356,1.0,0.9083969465648855,0.916030534351145,0.5114503816793893,0.3816793893129771,0.0,9.884630393779839
D'Andre Swift,CHI,RB,6700,BUF,0.0,15.724037921354611,2.346871331545464,1.9526612903225806,1.0095413471958543,1.0,0.7419354838709677,0.8306451612903226,0.21774193548387097,0.27419354838709675,0.0,9.252738815224692
Khalil Shakir,BUF,WR,6700,CHI,1.0,12.25758658808854,1.8294905355356028,2.3556410256410256,1.004287879647567,1.0,0.8589743589743589,0.9423076923076923,0.5128205128205128,0.3076923076923077,0.0,8.656204212230133
Keon Coleman,BUF,WR,3700,CHI,1.0,10.543696418992589,2.8496476808088076,2.4029411764705886,1.004287879647567,0.22679738562091512,0.8470588235294118,0.8823529411764706,0.5529411764705883,0.4117647058823529,0.0,8.436559456864071
Dalton Schultz,HOU,TE,3300,TB,1.0,8.711478770847355,2.639842051771926,1.6787,0.9478395022376356,1.0,0.67,0.48,0.08,0.15,0.1,8.400706915395459
James Cook III,BUF,RB,8100,CHI,1.0,15.42274184090509,1.9040422025808754,2.304153846153846,1.0095413471958543,0.6042735042735043,0.7692307692307693,0.9153846153846154,0.46923076923076923,0.3923076923076923,0.0,7.105433267049918
Cole Kmet,CHI,TE,4400,BUF,0.0,7.9254566054789475,1.8012401376088518,2.2644214484446317,0.9478395022376356,0.8294346978557506,0.7894736842105263,0.9473684210526315,0.3508771929824561,0.3684210526315789,0.0693337291463858,7.072624352152054
Emeka Egbuka,TB,WR,4100,HOU,0.0,10.664958754091964,2.601209452217552,1.202,1.004287879647567,1.0,0.0,0.4,0.0,0.0,0.0,6.280120953189406
Caleb Williams,CHI,QB,6600,BUF,0.0,21.147577835452076,3.204178459916981,2.1159541984732826,1.004287879647567,-0.2039864291772689,0.9694656488549618,0.9389312977099237,0.2748091603053435,0.2824427480916031,0.0,5.420029528819646
Nico Collins,HOU,WR,6900,TB,1.0,11.076595223575714,1.605303655590683,1.758612244897959,1.004287879647567,0.7024943310657596,0.636734693877551,0.6857142857142857,0.17959183673469387,0.15918367346938775,0.0,4.826932028984242
Jets,NYJ,DST,3100,NE,1.0,3.252153259948364,1.0490816967575367,2.2204761904761905,1.004287879647567,1.0,0.7936507936507936,0.8095238095238095,0.42857142857142855,0.42857142857142855,0.0,4.678898755247881
Breece Hall,NYJ,RB,7600,NE,1.0,15.479917834165043,2.0368312939690845,1.7713306451612905,1.0095413471958543,0.2614247311827957,0.6491935483870968,0.5725806451612904,0.15725806451612903,0.24193548387096775,0.05,4.594520010541343
Mason Taylor,NYJ,TE,2700,NE,1.0,7.791147538867646,2.8856101995806096,1.8814305992937128,0.9478395022376356,-0.10873694207027533,0.7264957264957265,0.717948717948718,0.1623931623931624,0.19658119658119658,0.07869555655867005,4.586343489315204
Bears,CHI,DST,2800,BUF,0.0,3.0039012452293044,1.0728218732961803,1.8226086956521739,1.004287879647567,1.0,0.8913043478260869,0.9130434782608695,0.06521739130434782,0.10869565217391304,0.0,3.927437428111356
Roschon Johnson,CHI,RB,3000,BUF,0.0,11.226879285654926,3.742293095218309,1.0,1.0095413471958543,0.0,0.0,0.0,0.0,0.0,0.0,3.777999612948435
Joe Mixon,HOU,RB,6400,TB,1.0,16.810059290215158,2.626571764096118,1.7640151515151516,1.0095413471958543,-0.210016835016835,0.6893939393939394,0.6287878787878788,0.14393939393939395,0.26515151515151514,0.0,3.6951623940167497
Kyle Monangai,CHI,RB,3000,BUF,0.0,10.880632287442692,3.626877429147564,1.0,1.0095413471958543,0.0,0.0,0.0,0.0,0.0,0.0,3.6614827259358687
Reggie Gilliam,BUF,RB,3000,CHI,1.0,10.810359576627667,3.603453192209222,1.0,1.0095413471958543,0.0,0.0,0.0,0.0,0.0,0.0,3.6378349902200995
Rachaad White,TB,RB,3000,HOU,0.0,10.582969323162326,3.5276564410541087,1.0,1.0095413471958543,0.0,0.0,0.0,0.0,0.0,0.0,3.561315035945898
Rhamondre Stevenson,NE,RB,3100,NYJ,0.0,10.89211770687342,3.513586357055942,1.0,1.0095413471958543,0.0,0.0,0.0,0.0,0.0,0.0,3.5471107043912293
Ko Kieft,TB,RB,3000,HOU,0.0,10.514730863660644,3.504910287886881,1.0,1.0095413471958543,0.0,0.0,0.0,0.0,0.0,0.0,3.5383518538339316
Ray Davis,BUF,RB,3000,CHI,1.0,10.509604884749887,3.5032016282499625,1.0,1.0095413471958543,0.0,0.0,0.0,0.0,0.0,0.0,3.5366268912821774
Ty Johnson,BUF,RB,3000,CHI,1.0,10.502022833694143,3.5006742778980477,1.0,1.0095413471958543,0.0,0.0,0.0,0.0,0.0,0.0,3.5340754266030694
Luther Burden III,CHI,WR,3800,BUF,0.0,9.60257956294752,2.526994621828295,2.03156862745098,1.004287879647567,-0.3184458968772693,0.803921568627451,0.9281045751633987,0.2549019607843137,0.28104575163398693,0.0,3.5139402557581074
Sean Tucker,TB,RB,3000,HOU,0.0,10.378253944657283,3.4594179815524275,1.0,1.0095413471958543,0.0,0.0,0.0,0.0,0.0,0.0,3.492425489610001
Dameon Pierce,HOU,RB,3000,TB,1.0,10.290962557462324,3.4303208524874416,1.0,1.0095413471958543,0.0,0.0,0.0,0.0,0.0,0.0,3.463050734734203
Tyrod Taylor,NYJ,QB,5000,NE,1.0,17.1644011224224,3.4328802244844803,1.0,1.004287879647567,0.0,0.0,0.0,0.0,0.0,0.0,3.4476000017315824
Woody Marks,HOU,RB,3000,TB,1.0,10.2151420469049,3.4050473489683,1.0,1.0095413471958543,0.0,0.0,0.0,0.0,0.0,0.0,3.4375360879431303
Stefon Diggs,NE,WR,6800,NYJ,0.0,8.718571747360599,1.2821429040236174,1.33125,1.004287879647567,1.0,0.0,0.5,0.0,0.25,0.0,3.428343040221778
Andrew Beck,NYJ,RB,3000,NE,1.0,10.184720039689322,3.3949066798964407,1.0,1.0095413471958543,0.0,0.0,0.0,0.0,0.0,0.0,3.427298663226858
Braelon Allen,NYJ,RB,3000,NE,1.0,10.159446536170181,3.386482178723394,1.0,1.0095413471958543,0.0,0.0,0.0,0.0,0.0,0.0,3.418793780963167
Isaiah Davis,NYJ,RB,3000,NE,1.0,10.103844828428072,3.3679482761426907,1.0,1.0095413471958543,0.0,0.0,0.0,0.0,0.0,0.0,3.400083039983047
Davis Mills,HOU,QB,5000,TB,1.0,16.334779227360773,3.266955845472155,1.0,1.004287879647567,0.0,0.0,0.0,0.0,0.0,0.0,3.2809641589514547
Teddy Bridgewater,TB,QB,5000,HOU,0.0,16.163994313145555,3.2327988626291106,1.0,1.004287879647567,0.0,0.0,0.0,0.0,0.0,0.0,3.2466607150768554
Joshua Dobbs,NE,QB,5000,NYJ,0.0,16.163994313145555,3.2327988626291106,1.0,1.004287879647567,0.0,0.0,0.0,0.0,0.0,0.0,3.2466607150768554
Garrett Wilson,NYJ,WR,5400,NE,1.0,11.965697605395018,2.2158699269250035,1.9015107913669065,1.004287879647567,-0.24980015987210233,0.6618705035971223,0.7482014388489209,0.2158273381294964,0.302158273381295,0.0,3.1745213082687758
Case Keenum,CHI,QB,5000,BUF,0.0,15.787053231266228,3.1574106462532456,1.0,1.004287879647567,0.0,0.0,0.0,0.0,0.0,0.0,3.170949243102326
Mitchell Trubisky,BUF,QB,5000,CHI,1.0,15.453659540330825,3.090731908066165,1.0,1.004287879647567,0.0,0.0,0.0,0.0,0.0,0.0,3.1039845945108473
Curtis Samuel,BUF,WR,3000,CHI,1.0,7.768300493887468,2.589433497962489,1.0,1.004287879647567,0.0,0.0,0.0,0.0,0.0,0.0,2.6005366771571303
KJ Hamler,BUF,WR,3000,CHI,1.0,7.492727790141197,2.4975759300470655,1.0,1.004287879647567,0.0,0.0,0.0,0.0,0.0,0.0,2.508285235045767
Elijah Moore,BUF,WR,3000,CHI,1.0,7.492727790141197,2.4975759300470655,1.0,1.004287879647567,0.0,0.0,0.0,0.0,0.0,0.0,2.508285235045767
Jayden Higgins,HOU,WR,3000,TB,1.0,7.4048663378980315,2.4682887792993435,1.0,1.004287879647567,0.0,0.0,0.0,0.0,0.0,0.0,2.478872504520419
Jaylin Noel,HOU,WR,3000,TB,1.0,7.4048663378980315,2.4682887792993435,1.0,1.004287879647567,0.0,0.0,0.0,0.0,0.0,0.0,2.478872504520419
Xavier Hutchinson,HOU,WR,3000,TB,1.0,7.4048663378980315,2.4682887792993435,1.0,1.004287879647567,0.0,0.0,0.0,0.0,0.0,0.0,2.478872504520419
Olamide Zaccheaus,CHI,WR,3000,BUF,0.0,7.066385469773081,2.355461823257694,1.0,1.004287879647567,0.0,0.0,0.0,0.0,0.0,0.0,2.3655617600702614
Arian Smith,NYJ,WR,3000,NE,1.0,7.025618089645759,2.3418726965485863,1.0,1.004287879647567,0.0,0.0,0.0,0.0,0.0,0.0,2.35191436482131
Tyler Johnson,NYJ,WR,3000,NE,1.0,7.025618089645759,2.3418726965485863,1.0,1.004287879647567,0.0,0.0,0.0,0.0,0.0,0.0,2.35191436482131
Devin Duvernay,CHI,WR,3000,BUF,0.0,7.01001832582498,2.336672775274993,1.0,1.004287879647567,0.0,0.0,0.0,0.0,0.0,0.0,2.3466921469111184
Jalen McMillan,TB,WR,3000,HOU,0.0,6.78470280967794,2.2615676032259797,1.0,1.004287879647567,0.0,0.0,0.0,0.0,0.0,0.0,2.271264932923449
Mack Hollins,NE,WR,3000,NYJ,0.0,6.703283601752906,2.2344278672509685,1.0,1.004287879647567,0.0,0.0,0.0,0.0,0.0,0.0,2.2440088250269103
Kyle Williams,NE,WR,3000,NYJ,0.0,6.703283601752906,2.2344278672509685,1.0,1.004287879647567,0.0,0.0,0.0,0.0,0.0,0.0,2.2440088250269103
Sterling Shepard,TB,WR,3000,HOU,0.0,6.703283601752906,2.2344278672509685,1.0,1.004287879647567,0.0,0.0,0.0,0.0,0.0,0.0,2.2440088250269103
Efton Chism III,NE,WR,3000,NYJ,0.0,6.703283601752906,2.2344278672509685,1.0,1.004287879647567,0.0,0.0,0.0,0.0,0.0,0.0,2.2440088250269103
Ryan Miller,TB,WR,3000,HOU,0.0,6.703283601752906,2.2344278672509685,1.0,1.004287879647567,0.0,0.0,0.0,0.0,0.0,0.0,2.2440088250269103
Cade Stover,HOU,TE,2500,TB,1.0,5.602554670943132,2.2410218683772527,1.0,0.9478395022376356,0.0,0.0,0.0,0.0,0.0,0.0,2.124129052226351
Payne Durham,TB,TE,2500,HOU,0.0,5.574569746561609,2.229827898624644,1.0,0.9478395022376356,0.0,0.0,0.0,0.0,0.0,0.0,2.1135189655079754
Jeremy Ruckert,NYJ,TE,2500,NE,1.0,5.527945389355768,2.2111781557423074,1.0,0.9478395022376356,0.0,0.0,0.0,0.0,0.0,0.0,2.0958420024975215
Harrison Bryant,HOU,TE,2500,TB,1.0,5.506581301496276,2.2026325205985104,1.0,0.9478395022376356,0.0,0.0,0.0,0.0,0.0,0.0,2.087742111936521
Austin Hooper,NE,TE,2500,NYJ,0.0,5.430609692391327,2.172243876956531,1.0,0.9478395022376356,0.0,0.0,0.0,0.0,0.0,0.0,2.05893855507323
Durham Smythe,CHI,TE,2500,BUF,0.0,5.415220047098536,2.1660880188394143,1.0,0.9478395022376356,0.0,0.0,0.0,0.0,0.0,0.0,2.0531037895796564
Stone Smartt,NYJ,TE,2500,NE,1.0,5.249022784400845,2.099609113760338,1.0,0.9478395022376356,0.0,0.0,0.0,0.0,0.0,0.0,1.9900924572802021
Jackson Hawes,BUF,TE,2500,CHI,1.0,5.073029090974364,2.0292116363897454,1.0,0.9478395022376356,0.0,0.0,0.0,0.0,0.0,0.0,1.9233669473704742
Devin Culp,TB,TE,2500,HOU,0.0,4.884761153662335,1.9539044614649341,1.0,0.9478395022376356,0.0,0.0,0.0,0.0,0.0,0.0,1.8519878321748187
Allen Lazard,NYJ,WR,4400,NE,1.0,10.933918530414545,2.484981484185124,1.7910989010989011,1.004287879647567,-0.6180301180301181,0.5567765567765568,0.663003663003663,0.21245421245421245,0.23443223443223443,0.0,1.7073795147393385
Joshua Palmer,BUF,WR,3300,CHI,1.0,10.770349642720873,3.2637423159760224,2.4446341463414636,1.004287879647567,-0.9,0.7560975609756098,0.9024390243902439,0.5853658536585366,0.4878048780487805,0.0,0.8012867426788103
Dawson Knox,BUF,TE,2500,CHI,1.0,5.979403019254034,2.391761207701614,3.1199999999999997,0.9478395022376356,-0.9,1.0,1.0,1.0,1.0,0.0,0.7073057948047051
Antonio Gibson,NE,RB,3200,NYJ,0.0,12.507617119043289,3.9086303497010273,1.445,1.0095413471958543,-0.9,0.0,0.5,0.0,0.5,0.0,0.5701860106200639
Josh Reynolds,NYJ,WR,3100,NE,1.0,10.034466316015552,3.2369246180695326,1.7441666666666666,1.004287879647567,-0.9,0.6666666666666666,0.6666666666666666,0.16666666666666666,0.16666666666666666,0.0,0.566994425793109
Justin Fields,NYJ,QB,6800,NE,1.0,20.41330822250963,3.0019570915455343,1.8717021276595744,1.004287879647567,-0.9,0.9716312056737588,0.8865248226950354,0.0851063829787234,0.2127659574468085,0.0,0.5642862082666412
Nick Chubb,HOU,RB,3300,TB,1.0,11.33030723981053,3.4334264363062212,1.3766666666666667,1.0095413471958543,-0.9,0.5,0.3333333333333333,0.0,0.0,0.0,0.47717826578422035
Rome Odunze,CHI,WR,5900,BUF,0.0,12.610346012111513,2.137346781713816,1.9834710743801653,1.004287879647567,-0.9,0.7768595041322314,0.9090909090909091,0.19008264462809918,0.3140495867768595,0.0,0.4257543406569756
DJ Moore,CHI,WR,5100,BUF,0.0,11.033558076926786,2.1634427601817228,1.943,1.004287879647567,-0.9,0.7666666666666667,1.0,0.13333333333333333,0.26666666666666666,0.0,0.4221593682208941
Christian Kirk,HOU,WR,4500,TB,1.0,11.809948724311205,2.6244330498469344,1.5913868613138686,1.004287879647567,-0.9,0.46715328467153283,0.6131386861313869,0.08029197080291971,0.19708029197080293,0.0,0.4194396552992357
Baker Mayfield,TB,QB,5900,HOU,0.0,20.787202007675983,3.5232545775722004,1.1400000000000001,1.004287879647567,-0.9,0.0,0.0,0.0,0.3333333333333333,0.0,0.4033732530852169
Cade Otton,TB,TE,3200,HOU,0.0,9.07100091811132,2.8346877869097877,1.4660000000000002,0.9478395022376356,-0.9,0.0,0.6,0.0,0.2,0.1,0.39388914033434314
Drake Maye,NE,QB,6500,NYJ,0.0,25.43115790720343,3.9124858318774507,1.0,1.004287879647567,-0.9,0.0,0.0,0.0,0.0,0.0,0.3929262100247351
Kayshon Boutte,NE,WR,3400,NYJ,0.0,9.273457109659454,2.7274873851939567,1.3366666666666667,1.004287879647567,-0.9,0.0,0.6666666666666666,0.0,0.0,0.0,0.36613739721987065
Colston Loveland,CHI,TE,2500,BUF,0.0,5.398951190252264,2.1595804761009054,1.77,0.9478395022376356,-0.9,1.0,1.0,0.0,0.0,0.0,0.3623076159811988
Xavier Gipson,NYJ,WR,3000,NE,1.0,9.29845798683068,3.0994859956102268,1.07,1.004287879647567,-0.9,0.0,0.0,0.0,0.0,0.0,0.33306705538257325
DeMario Douglas,NE,WR,4700,NYJ,0.0,10.950159880607137,2.329821251193008,1.3785714285714286,1.004287879647567,-0.9,0.0,0.5714285714285714,0.0,0.2857142857142857,0.0,0.3225596929667601
TreVeyon Henderson,NE,RB,5300,NYJ,0.0,14.22926428777706,2.6847668467503882,1.1566666666666667,1.0095413471958543,-0.9,0.0,0.3333333333333333,0.0,0.0,0.0,0.3135009831210593
Bucky Irving,TB,RB,7600,HOU,0.0,16.06418423467635,2.1137084519310987,1.4657894736842105,1.0095413471958543,-0.9,0.0,0.6842105263157895,0.0,0.10526315789473684,0.1,0.31278130934867737
Chris Godwin Jr.,TB,WR,4500,HOU,0.0,9.076337920857627,2.0169639824128063,1.3987500000000002,1.004287879647567,-0.9,0.0,0.625,0.0,0.25,0.0,0.2833325458110489
Hunter Henry,NE,TE,4500,NYJ,0.0,9.198554494760707,2.0441232210579345,1.3960000000000001,0.9478395022376356,-0.9,0.0,0.6,0.0,0.0,0.1,0.27047510279584824
Mike Evans,TB,WR,7300,HOU,0.0,14.143608068635203,1.937480557347288,1.272,1.004287879647567,-0.9,0.0,0.4,0.0,0.2,0.0,0.2475042642293394
Texans,HOU,DST,2900,TB,1.0,3.0236446013822578,1.0426360694421577,2.149117647058824,1.004287879647567,-0.9,0.8382352941176471,0.75,0.4411764705882353,0.27941176470588236,0.0,0.22503556322259338
Bills,BUF,DST,3200,CHI,1.0,3.261591306176113,1.0192472831800352,2.094047619047619,1.004287879647567,-0.9,0.8809523809523809,0.8333333333333334,0.23809523809523808,0.4523809523809524,0.0,0.2143504192551475
Buccaneers,TB,DST,3000,HOU,0.0,3.151129663971762,1.0503765546572539,1.47,1.004287879647567,-0.9,0.0,1.0,0.0,0.0,0.0,0.15506742510751276
Patriots,NE,DST,3300,NYJ,0.0,3.246248759597388,0.9837117453325419,1.2525,1.004287879647567,-0.9,0.0,0.5,0.0,0.0,0.0,0.12373820530877931
